Workbook

Sheet Goal Seek
A2: Goal Seek | ราคารถที่ผ่อนไหว
A4: ข้อมูลที่ปรับได้ | B4: ค่า
A5: ราคารถ (บาท) | B5: 425531.92 | D5: สมมติฐานหลัก: ลดต้นลดดอก อัตราดอกเบี้ยรายเดือน = อัตรารายปี / 12
A6: เงินดาวน์ (%) | B6: 0.2
A7: ดอกเบี้ยต่อปี | B7: 0.18
A8: ระยะเวลากู้ (ปี) | B8: 4 | D8: จ่ายทุกสิ้นเดือน (type = 0), ยอดหนี้ปลายสัญญา 0 บาท ไม่มีค่าธรรมเนียมหรือประกัน
A9: ค่างวดสูงสุด (บาท/เดือน) | B9: 10000
A11: เงินดาวน์ (บาท) | B11: =B5*B6 -> 85106.384 | D11: เซลล์สีเหลืองและตัวเลขสีน้ำเงินคือ input ที่แก้ไขได้
A12: ยอดเงินกู้ (บาท) | B12: =B5-B11 -> 340425.54
A13: อัตราดอกเบี้ยต่อเดือน | B13: =B7/12 -> 0.015
A14: จำนวนงวด (เดือน) | B14: =B8*12 -> 48
D15: Goal Seek: Set cell B16 / To value 10000 / By changing cell B5
A16: ค่างวด (บาท/เดือน) | B16: =IF(COUNT(B5:B8)<4,"ระบุ input ให้ครบ",IF(OR(B5<0,B6<0,B6>=1,B7<0,B8<=0),"input ไม่ถูกต้อง",-PMT(B13,B14,B12,0,0))) -> 10000
A17: เทียบค่างวดสูงสุด (บาท) | B17: =B16-B9 -> 0
D18: B19 เป็นคำตอบอิสระจาก PV เพื่อเทียบผล Goal Seek; B21 ควรใกล้ 0
A19: ราคารถจากสูตรย้อนกลับ (บาท) | B19: =IF(COUNT(B5:B9)<5,"ระบุ input ให้ครบ",IF(OR(B6<0,B6>=1,B7<0,B8<=0,B9<0),"input ไม่ถูกต้อง",-PV(B13,B14,B9,0,0)/(1-B6))) -> 425531.92
A20: ค่างวดที่ราคารถคำตอบ (บาท) | B20: =-PMT(B13,B14,B19*(1-B6),0,0) -> 10000
A21: ผลต่างค่างวดเทียบเป้าหมาย | B21: =B20-B9 -> -6.5483619e-11
D22: สไลด์ไม่ได้ระบุรูปแบบดอกเบี้ย จึงแสดงดอกเบี้ยคงต้นใน B23 แยกจากคำตอบหลัก
A23: ราคารถเมื่อใช้ดอกเบี้ยคงต้น | B23: =B9*B14/((1-B6)*(1+B7*B8)) -> 348837.21
A27: ผลB5ปัจจุบันเป็น mathematical solver. เมื่อเปิด Excel ให้ทดสอบ Goal Seek: Set B16, To10000, Change B5 แล้วเก็บหลักฐานจริง
A30: ก่อนแก้: Native B5=400,000 และ PMT≈9,400. ตั้ง B5 เป็น425,531.920569855ด้วยสูตร PV ทางคณิตศาสตร์; ยังไม่ได้ใช้ native Goal Seek dialog
A34: แหล่งโจทย์: Presentation/BI04 Models for DS and BI.pdf หน้า PDF 4 / สไลด์ 16 (4.1 Goal Seek)
A37: ใช้ตัวอย่างสไลด์ตามขอบเขตที่อนุมัติ; Classroom มีชื่อ Workshop และไม่มีรายละเอียดเฉพาะ

Sheet Scenario
A2: Scenario | เปรียบเทียบสินเชื่อบ้าน
A4: ข้อมูลที่ปรับได้ | B4: ค่า
A5: ราคาบ้าน (บาท) | B5: 200000 | D5: สมมติฐาน: ลดต้นลดดอก อัตรารายปี / 12 จ่ายทุกสิ้นเดือน (type = 0)
A6: เงินดาวน์ (%) | B6: 0.2
A7: ดอกเบี้ยต่อปี | B7: 0.07
A8: ระยะเวลากู้ (ปี) | B8: 15 | D8: ผลจากโมเดลที่กำลังเลือกอยู่แสดงใน B16; เปลี่ยนราคา B5 และระยะเวลา B8
A11: เงินดาวน์ (บาท) | B11: =B5*B6 -> 40000
A12: ยอดเงินกู้ (บาท) | B12: =B5-B11 -> 160000 | D12: Scenario Manager: changing cells B5,B8 / result cell B16
A13: อัตราดอกเบี้ยต่อเดือน | B13: =B7/12 -> 0.0058333333
A14: จำนวนงวด (เดือน) | B14: =B8*12 -> 180
A16: ค่างวด (บาท/เดือน) | B16: =IF(COUNT(B5:B8)<4,"ระบุ input ให้ครบ",IF(OR(B5<0,B6<0,B6>=1,B7<0,B8<=0),"input ไม่ถูกต้อง",-PMT(B13,B14,B12,0,0))) -> 1438.1252 | D16: มี4Scenario Manager entriesแล้ว:200k_15y/200k_30y/300k_15y/300k_30y. Result B16; Native Show/Summaryยังรอตรวจ
A17: ยอดชำระรวม (บาท) | B17: =B16*B14 -> 258862.54
A18: ดอกเบี้ยตลอดสัญญา (บาท) | B18: =B17-B12 -> 98862.542
A21: ผลคำนวณเปรียบเทียบจากโมเดลเดียวกัน (snapshot); ใช้ Scenario Summary ใน Excel เพื่อสร้างผล native
A24: ชื่อสถานการณ์ | B24: ราคาบ้าน (บาท) | C24: ปี | D24: เงินกู้ (บาท) | E24: ค่างวด (บาท) | F24: ยอดชำระรวม | G24: ดอกเบี้ยรวม | H24: เงินดาวน์ (บาท)
A25: 200k_15y | B25: 200000 | C25: 15 | D25: 160000 | E25: 1438.1252 | F25: 258862.54 | G25: 98862.542 | H25: 40000
A26: 200k_30y | B26: 200000 | C26: 30 | D26: 160000 | E26: 1064.484 | F26: 383214.24 | G26: 223214.24 | H26: 40000
A27: 300k_15y | B27: 300000 | C27: 15 | D27: 240000 | E27: 2157.1879 | F27: 388293.81 | G27: 148293.81 | H27: 60000
A28: 300k_30y | B28: 300000 | C28: 30 | D28: 240000 | E28: 1596.726 | F28: 574821.36 | G28: 334821.36 | H28: 60000
A31: ราคาเดิม: กู้ 30 ปีทำให้ค่างวดต่อเดือนต่ำลง แต่ยอดดอกเบี้ยตลอดสัญญาสูงขึ้น
A34: ตารางsnapshotเดิมคงไว้. ชีตScenario Summaryใหม่มีสูตรที่linkเงินดาวน์/อัตราจากB6/B7และคำนวณ4กรณี; ไม่ใช่Summarydialog-generated
A37: มี4Scenario Manager definitionsในไฟล์แล้ว (SpreadsheetML B5,B8); ยังไม่ได้ native Show หรือสร้าง Summary dialog. ชีต Scenario Summary เป็น authored comparison
A41: แหล่งโจทย์: Presentation/BI04 Models for DS and BI.pdf หน้า PDF 5 / สไลด์ 17 (4.2 Scenario)

Sheet Scenario Summary
A2: Scenario Summary (authored comparison)
A3: ตารางเปรียบเทียบเขียนเองพร้อมสูตรและcached values; ไม่ใช่ native Scenario Summary dialog-generated
A5: สถานการณ์ | B5: ราคาบ้าน (บาท) | C5: ปี | D5: เงินดาวน์ | E5: ดอกเบี้ย/ปี | F5: เงินกู้ (บาท) | G5: ค่างวด/เดือน (บาท) | H5: ดอกเบี้ยรวม (บาท)
A6: 200k_15y | B6: 200000 | C6: 15 | D6: =Scenario!$B$6 -> 0.2 | E6: =Scenario!$B$7 -> 0.07 | F6: =IF(COUNT(B6:C6,Scenario!$B$6:$B$7)<4,"ระบุ input ให้ครบ",IF(OR(B6<0,C6<=0,D6<0,D6>=1,E6<0),"input ไม่ถูกต้อง",B6*(1-D6))) -> 160000 | G6: =IF(ISNUMBER(F6),-PMT(E6/12,C6*12,F6,0,0),F6) -> 1438.1252 | H6: =IF(ISNUMBER(G6),G6*C6*12-F6,G6) -> 98862.542
A7: 200k_30y | B7: 200000 | C7: 30 | D7: =Scenario!$B$6 -> 0.2 | E7: =Scenario!$B$7 -> 0.07 | F7: =IF(COUNT(B7:C7,Scenario!$B$6:$B$7)<4,"ระบุ input ให้ครบ",IF(OR(B7<0,C7<=0,D7<0,D7>=1,E7<0),"input ไม่ถูกต้อง",B7*(1-D7))) -> 160000 | G7: =IF(ISNUMBER(F7),-PMT(E7/12,C7*12,F7,0,0),F7) -> 1064.484 | H7: =IF(ISNUMBER(G7),G7*C7*12-F7,G7) -> 223214.24
A8: 300k_15y | B8: 300000 | C8: 15 | D8: =Scenario!$B$6 -> 0.2 | E8: =Scenario!$B$7 -> 0.07 | F8: =IF(COUNT(B8:C8,Scenario!$B$6:$B$7)<4,"ระบุ input ให้ครบ",IF(OR(B8<0,C8<=0,D8<0,D8>=1,E8<0),"input ไม่ถูกต้อง",B8*(1-D8))) -> 240000 | G8: =IF(ISNUMBER(F8),-PMT(E8/12,C8*12,F8,0,0),F8) -> 2157.1879 | H8: =IF(ISNUMBER(G8),G8*C8*12-F8,G8) -> 148293.81
A9: 300k_30y | B9: 300000 | C9: 30 | D9: =Scenario!$B$6 -> 0.2 | E9: =Scenario!$B$7 -> 0.07 | F9: =IF(COUNT(B9:C9,Scenario!$B$6:$B$7)<4,"ระบุ input ให้ครบ",IF(OR(B9<0,C9<=0,D9<0,D9>=1,E9<0),"input ไม่ถูกต้อง",B9*(1-D9))) -> 240000 | G9: =IF(ISNUMBER(F9),-PMT(E9/12,C9*12,F9,0,0),F9) -> 1596.726 | H9: =IF(ISNUMBER(G9),G9*C9*12-F9,G9) -> 334821.36
A12: Inputsราคา/ปีในตารางเป็น4กรณีที่กำหนด. เงินดาวน์และดอกเบี้ยlinkจากScenario!B6/B7 จึงเปลี่ยนผลคำนวณทั้ง4แถวเมื่อแก้ assumptions.
A14: Scenario Manager definitionsใช้Scenario!B5,B8; native Show และSummarydialogยังรอตรวจในExcel. ไม่มีการใช้COM/VBA/GUIเพื่อสร้างหลักฐาน.
A16: ลดต้นลดดอก: rateรายปี/12, nper=ปี×12, จ่ายสิ้นเดือน(type0), fv0. PMTไม่รวมเงินดาวน์ ค่าธรรมเนียมหรือประกัน.
